{
  "name": "tether",
  "version": "1.3.3",
  "homepage": "http://github.hubspot.com/tether",
  "authors": [
    "Zack Bloom <zackbloom@gmail.com>",
    "Adam Schwartz <adam.flynn.schwartz@gmail.com>"
  ],
  "maintainers": [
    "Nicholas Hwang <nick.joosung.hwang@gmail.com>",
    "Trevor Burnham <trevorburnham@gmail.com>"
  ],
  "description": "A client-side library to make absolutely positioned elements attach to elements in the page efficiently.",
  "keywords": [
    "javascript"
  ],
  "license": "MIT",
  "main": "dist/js/tether.js",
  "ignore": [
    "**/.*",
    "node_modules",
    "bower_components",
    "test",
    "tests"
  ],
  "_release": "1.3.3",
  "_resolution": {
    "type": "version",
    "tag": "v1.3.3",
    "commit": "7e43e95331ddf6bf7d65a88bc1b9bfbee8492d23"
  },
  "_source": "https://github.com/HubSpot/tether.git",
  "_target": "^1.1.1",
  "_originalSource": "tether"
}